type,stock_number,date,status
Revenue_His,1101,2023-10-01,OK
Revenue_His,1101,2023-11-01,OK
Revenue_His,1101,2024-02-01,OK
Revenue_His,1101,2024-06-01,OK
Stock_His,1101,2019-01-01,OK
Stock_His,1101,2019-02-01,OK
Stock_His,1101,2019-03-01,OK
Stock_His,1101,2019-04-01,OK
Stock_His,1101,2019-05-01,OK
Stock_His,1101,2019-06-01,OK
Stock_His,1101,2019-07-01,OK
Stock_His,1101,2019-08-01,OK
Stock_His,1101,2019-09-01,OK
Stock_His,1101,2019-10-01,OK
Stock_His,1101,2019-11-01,OK
Stock_His,1101,2019-12-01,OK
Stock_His,1101,2020-01-01,OK
Stock_His,1101,2020-02-01,OK
Stock_His,1101,2020-03-01,OK
Stock_His,1101,2020-04-01,OK
Stock_His,1101,2020-05-01,OK
Stock_His,1101,2020-06-01,OK
Stock_His,1101,2020-07-01,OK
Stock_His,1101,2015-01-01,OK
Stock_His,1101,2015-02-01,OK
Stock_His,1101,2015-03-01,OK
Stock_His,1101,2015-04-01,OK
Stock_His,1101,2015-05-01,OK
Stock_His,1101,2015-06-01,OK
Stock_His,1101,2015-07-01,OK
Stock_His,1101,2015-08-01,OK
Stock_His,1101,2015-09-01,OK
Stock_His,1101,2015-10-01,OK
Stock_His,1101,2015-11-01,OK
Stock_His,1101,2015-12-01,OK
Stock_His,1101,2016-01-01,OK
Stock_His,1101,2016-02-01,OK
Stock_His,1101,2016-03-01,OK
Stock_His,1101,2016-04-01,OK
Stock_His,1101,2016-05-01,OK
Stock_His,1101,2016-06-01,OK
Stock_His,1101,2016-07-01,OK
Stock_His,1101,2016-08-01,OK
Stock_His,1101,2016-09-01,OK
Stock_His,1101,2016-10-01,OK
Stock_His,1101,2016-11-01,OK
Stock_His,1101,2016-12-01,OK
Stock_His,1101,2017-01-01,OK
Stock_His,1101,2017-02-01,OK
Stock_His,1101,2017-03-01,OK
Stock_His,1101,2017-04-01,OK
Stock_His,1101,2017-05-01,OK
Stock_His,1101,2017-06-01,OK
Stock_His,1101,2017-07-01,OK
Stock_His,1101,2017-08-01,OK
Stock_His,1101,2017-09-01,OK
Stock_His,1101,2017-10-01,OK
Stock_His,1101,2017-11-01,OK
Stock_His,1101,2017-12-01,OK
Stock_His,1101,2018-01-01,OK
Stock_His,1101,2018-02-01,OK
Stock_His,1101,2018-03-01,OK
Stock_His,1101,2018-04-01,OK
Stock_His,1101,2018-05-01,OK
Stock_His,1101,2018-06-01,OK
Stock_His,1101,2018-07-01,OK
Stock_His,1101,2018-08-01,OK
Stock_His,1101,2018-09-01,OK
Stock_His,1101,2018-10-01,OK
Stock_His,1101,2018-11-01,OK
Stock_His,1101,2018-12-01,OK
Stock_His,1101,2020-08-01,OK
Stock_His,1101,2020-09-01,OK
Stock_His,1101,2020-10-01,OK
Stock_His,1101,2020-11-01,OK
Stock_His,1101,2020-12-01,OK
Stock_His,1101,2021-01-01,OK
Stock_His,1101,2021-02-01,OK
Stock_His,1101,2021-03-01,OK
Stock_His,1101,2021-04-01,OK
Stock_His,1101,2021-05-01,OK
Stock_His,1101,2021-06-01,OK
Stock_His,1101,2021-07-01,OK
Stock_His,1101,2021-08-01,OK
Stock_His,1101,2021-09-01,OK
Stock_His,1101,2021-10-01,OK
Stock_His,1101,2021-11-01,OK
Stock_His,1101,2021-12-01,OK
Stock_His,1101,2022-01-01,OK
Stock_His,1101,2022-02-01,OK
Stock_His,1101,2022-03-01,OK
Stock_His,1101,2022-04-01,OK
Stock_His,1101,2022-05-01,OK
Stock_His,1101,2022-06-01,OK
Stock_His,1101,2022-07-01,OK
Stock_His,1101,2022-08-01,OK
Stock_His,1101,2022-09-01,OK
Stock_His,1101,2022-10-01,OK
Stock_His,1101,2022-11-01,OK
Stock_His,1101,2022-12-01,OK
Stock_His,1101,2023-01-01,OK
Stock_His,1101,2023-02-01,OK
Stock_His,1101,2023-03-01,OK
Stock_His,1101,2023-04-01,OK
Stock_His,1101,2023-05-01,OK
Stock_His,1101,2023-06-01,OK
Stock_His,1101,2023-07-01,OK
Stock_His,1101,2023-08-01,OK
Stock_His,1101,2023-09-01,OK
Stock_His,1101,2023-10-01,OK
Stock_His,1101,2023-11-01,OK
Stock_His,1101,2024-01-01,OK
Stock_His,1101,2024-02-01,OK
Stock_His,1101,2024-03-01,OK
Stock_His,1101,2023-12-01,OK
Stock_His,1101,2024-04-01,OK
Stock_His,1101,2024-05-01,OK
Stock_His,1101,2024-06-01,OK
Stock_His,1101,2024-07-01,OK
Stock_His,1101,2024-08-01,OK
Stock_His,1101,2024-09-01,OK
Stock_His,1101,2024-11-01,OK
Stock_His,1101,2024-10-01,OK
Revenue_His,1102,2024-06-01,OK
Stock_His,1102,2023-01-01,OK
Stock_His,1102,2023-02-01,OK
Stock_His,1102,2023-03-01,OK
Stock_His,1102,2023-04-01,OK
Stock_His,1102,2023-05-01,OK
Stock_His,1102,2023-06-01,OK
Stock_His,1102,2023-07-01,OK
Stock_His,1102,2023-08-01,OK
Stock_His,1102,2023-09-01,OK
Stock_His,1102,2023-10-01,OK
Stock_His,1102,2023-11-01,OK
Stock_His,1102,2023-12-01,OK
Stock_His,1102,2024-01-01,OK
Stock_His,1102,2024-02-01,OK
Stock_His,1102,2024-03-01,OK
Stock_His,1102,2024-04-01,OK
Stock_His,1102,2024-05-01,OK
Stock_His,1102,2024-06-01,OK
Stock_His,1102,2024-07-01,OK
Stock_His,1102,2024-08-01,OK
Stock_His,1102,2024-09-01,OK
Stock_His,1102,2024-11-01,OK
Revenue_His,1103,2023-10-01,OK
Revenue_His,1103,2023-11-01,OK
Revenue_His,1103,2024-02-01,OK
Revenue_His,1103,2024-06-01,OK
Stock_His,1103,2015-01-01,OK
Stock_His,1103,2015-02-01,OK
Stock_His,1103,2015-03-01,OK
Stock_His,1103,2015-04-01,OK
Stock_His,1103,2015-05-01,OK
Stock_His,1103,2015-06-01,OK
Stock_His,1103,2015-07-01,OK
Stock_His,1103,2015-08-01,OK
Stock_His,1103,2015-09-01,OK
Stock_His,1103,2015-10-01,OK
Stock_His,1103,2015-11-01,OK
Stock_His,1103,2015-12-01,OK
Stock_His,1103,2016-01-01,OK
Stock_His,1103,2016-02-01,OK
Stock_His,1103,2016-03-01,OK
Stock_His,1103,2016-04-01,OK
Stock_His,1103,2016-05-01,OK
Stock_His,1103,2016-06-01,OK
Stock_His,1103,2016-07-01,OK
Stock_His,1103,2016-08-01,OK
Stock_His,1103,2016-09-01,OK
Stock_His,1103,2016-10-01,OK
Stock_His,1103,2016-11-01,OK
Stock_His,1103,2016-12-01,OK
Stock_His,1103,2017-01-01,OK
Stock_His,1103,2017-02-01,OK
Stock_His,1103,2017-03-01,OK
Stock_His,1103,2017-04-01,OK
Stock_His,1103,2017-05-01,OK
Stock_His,1103,2017-06-01,OK
Stock_His,1103,2017-07-01,OK
Stock_His,1103,2017-08-01,OK
Stock_His,1103,2017-09-01,OK
Stock_His,1103,2017-10-01,OK
Stock_His,1103,2017-11-01,OK
Stock_His,1103,2017-12-01,OK
Stock_His,1103,2018-01-01,OK
Stock_His,1103,2018-02-01,OK
Stock_His,1103,2018-03-01,OK
Stock_His,1103,2018-04-01,OK
Stock_His,1103,2018-05-01,OK
Stock_His,1103,2018-06-01,OK
Stock_His,1103,2018-07-01,OK
Stock_His,1103,2018-08-01,OK
Stock_His,1103,2018-09-01,OK
Stock_His,1103,2018-10-01,OK
Stock_His,1103,2018-11-01,OK
Stock_His,1103,2018-12-01,OK
Stock_His,1103,2019-01-01,OK
Stock_His,1103,2019-02-01,OK
Stock_His,1103,2019-03-01,OK
Stock_His,1103,2019-04-01,OK
Stock_His,1103,2019-05-01,OK
Stock_His,1103,2019-06-01,OK
Stock_His,1103,2019-07-01,OK
Stock_His,1103,2019-08-01,OK
Stock_His,1103,2019-09-01,OK
Stock_His,1103,2019-10-01,OK
Stock_His,1103,2019-11-01,OK
Stock_His,1103,2019-12-01,OK
Stock_His,1103,2020-01-01,OK
Stock_His,1103,2020-02-01,OK
Stock_His,1103,2020-03-01,OK
Stock_His,1103,2020-04-01,OK
Stock_His,1103,2020-05-01,OK
Stock_His,1103,2020-06-01,OK
Stock_His,1103,2020-07-01,OK
Stock_His,1103,2020-08-01,OK
Stock_His,1103,2020-09-01,OK
Stock_His,1103,2020-10-01,OK
Stock_His,1103,2020-11-01,OK
Stock_His,1103,2020-12-01,OK
Stock_His,1103,2021-01-01,OK
Stock_His,1103,2021-02-01,OK
Stock_His,1103,2021-03-01,OK
Stock_His,1103,2021-04-01,OK
Stock_His,1103,2021-05-01,OK
Stock_His,1103,2021-06-01,OK
Stock_His,1103,2021-07-01,OK
Stock_His,1103,2021-08-01,OK
Stock_His,1103,2021-09-01,OK
Stock_His,1103,2021-10-01,OK
Stock_His,1103,2021-11-01,OK
Stock_His,1103,2021-12-01,OK
Stock_His,1103,2022-01-01,OK
Stock_His,1103,2022-02-01,OK
Stock_His,1103,2022-03-01,OK
Stock_His,1103,2022-04-01,OK
Stock_His,1103,2022-05-01,OK
Stock_His,1103,2022-06-01,OK
Stock_His,1103,2022-07-01,OK
Stock_His,1103,2022-08-01,OK
Stock_His,1103,2022-09-01,OK
Stock_His,1103,2022-10-01,OK
Stock_His,1103,2022-11-01,OK
Stock_His,1103,2022-12-01,OK
Stock_His,1103,2023-01-01,OK
Stock_His,1103,2023-02-01,OK
Stock_His,1103,2023-03-01,OK
Stock_His,1103,2023-04-01,OK
Stock_His,1103,2023-05-01,OK
Stock_His,1103,2023-06-01,OK
Stock_His,1103,2023-07-01,OK
Stock_His,1103,2023-08-01,OK
Stock_His,1103,2023-09-01,OK
Stock_His,1103,2023-10-01,OK
Stock_His,1103,2023-11-01,OK
Stock_His,1103,2023-12-01,OK
Stock_His,1103,2024-01-01,OK
Stock_His,1103,2024-02-01,OK
Stock_His,1103,2024-03-01,OK
Stock_His,1103,2024-04-01,OK
Stock_His,1103,2024-05-01,OK
Stock_His,1103,2024-06-01,OK
Stock_His,1103,2024-07-01,OK
Stock_His,1103,2024-08-01,OK
Stock_His,1103,2024-09-01,OK
Stock_His,1103,2024-11-01,OK
Revenue_His,1104,2023-10-01,OK
Revenue_His,1104,2023-11-01,OK
Revenue_His,1104,2024-02-01,OK
Revenue_His,1104,2024-06-01,OK
Stock_His,1104,2015-01-01,OK
Stock_His,1104,2015-02-01,OK
Stock_His,1104,2015-03-01,OK
Stock_His,1104,2024-11-01,OK
Stock_His,1108,2024-11-01,OK
Stock_His,1109,2024-11-01,OK
Stock_His,1110,2024-11-01,OK
Stock_His,1201,2024-11-01,OK
Stock_His,1203,2024-11-01,OK
Stock_His,1210,2024-11-01,OK
Stock_His,1213,2024-11-01,OK
Stock_His,1215,2024-11-01,OK
Stock_His,1216,2024-11-01,OK
Stock_His,1217,2024-11-01,OK
Stock_His,1218,2024-11-01,OK
Stock_His,1219,2024-11-01,OK
Stock_His,1220,2024-11-01,OK
Stock_His,1225,2024-11-01,OK
Stock_His,1227,2024-11-01,OK
Stock_His,1229,2024-11-01,OK
Stock_His,1231,2024-11-01,OK
Stock_His,1232,2024-11-01,OK
Stock_His,1233,2024-11-01,OK
Stock_His,1234,2024-11-01,OK
Stock_His,1235,2024-11-01,OK
Stock_His,1236,2024-11-01,OK
Stock_His,1240,2024-11-01,OK
Stock_His,1256,2024-11-01,OK
Stock_His,1259,2024-11-01,OK
Stock_His,1264,2024-11-01,OK
Stock_His,1268,2024-11-01,OK
Stock_His,1294,2024-11-01,OK
Stock_His,1301,2024-11-01,OK
Stock_His,1303,2024-11-01,OK
Stock_His,1304,2024-11-01,OK
Stock_His,1305,2024-11-01,OK
Stock_His,1307,2024-11-01,OK
Stock_His,1308,2024-11-01,OK
Stock_His,1309,2024-11-01,OK
Stock_His,1310,2024-11-01,OK
Stock_His,1312,2024-11-01,OK
Stock_His,1313,2024-11-01,OK
Stock_His,1314,2024-11-01,OK
Stock_His,1315,2024-11-01,OK
Stock_His,1316,2024-11-01,OK
Stock_His,1319,2024-11-01,OK
Stock_His,1321,2024-11-01,OK
Stock_His,1323,2024-11-01,OK
Stock_His,1324,2024-11-01,OK
Stock_His,1325,2024-11-01,OK
Stock_His,1326,2024-11-01,OK
Stock_His,1336,2024-11-01,OK
Stock_His,1337,2024-11-01,OK
Stock_His,1338,2024-11-01,OK
Stock_His,1339,2024-11-01,OK
Stock_His,1340,2024-11-01,OK
Stock_His,1341,2024-11-01,OK
Stock_His,1342,2024-11-01,OK
Stock_His,1402,2024-11-01,OK
Stock_His,1409,2024-11-01,OK
Stock_His,1410,2024-11-01,OK
Stock_His,1413,2024-11-01,OK
Stock_His,1414,2024-11-01,OK
Stock_His,1416,2024-11-01,OK
Stock_His,1417,2024-11-01,OK
Stock_His,1418,2024-11-01,OK
Stock_His,1419,2024-11-01,OK
Stock_His,1423,2024-11-01,OK
Stock_His,1432,2024-11-01,OK
Stock_His,1434,2024-11-01,OK
Stock_His,1435,2024-11-01,OK
Stock_His,1436,2024-11-01,OK
Stock_His,1437,2024-11-01,OK
Stock_His,1438,2024-11-01,OK
Stock_His,1439,2024-11-01,OK
Stock_His,1440,2024-11-01,OK
Stock_His,1441,2024-11-01,OK
Stock_His,1442,2024-11-01,OK
Stock_His,1443,2024-11-01,OK
Stock_His,1444,2024-11-01,OK
Stock_His,1445,2024-11-01,OK
Stock_His,1446,2024-11-01,OK
Stock_His,1447,2024-11-01,OK
Stock_His,1449,2024-11-01,OK
Stock_His,1451,2024-11-01,OK
Stock_His,1452,2024-11-01,OK
Stock_His,1453,2024-11-01,OK
Stock_His,1454,2024-11-01,OK
Stock_His,1455,2024-11-01,OK
Stock_His,1456,2024-11-01,OK
Stock_His,1457,2024-11-01,OK
Stock_His,1459,2024-11-01,OK
Stock_His,1460,2024-11-01,OK
Stock_His,1463,2024-11-01,OK
Stock_His,1464,2024-11-01,OK
Stock_His,1465,2024-11-01,OK
Stock_His,1466,2024-11-01,OK
Stock_His,1467,2024-11-01,OK
Stock_His,1468,2024-11-01,OK
Stock_His,1470,2024-11-01,OK
Stock_His,1471,2024-11-01,OK
Stock_His,1472,2024-11-01,OK
Stock_His,1473,2024-11-01,OK
Stock_His,1474,2024-11-01,OK
Stock_His,1475,2024-11-01,OK
Stock_His,1476,2024-11-01,OK
Stock_His,1477,2024-11-01,OK
Stock_His,1503,2024-11-01,OK
Stock_His,1504,2024-11-01,OK
Stock_His,1506,2024-11-01,OK
Stock_His,1512,2024-11-01,OK
Stock_His,1513,2024-11-01,OK
Stock_His,1514,2024-11-01,OK
Stock_His,1515,2024-11-01,OK
Stock_His,1516,2024-11-01,OK
Stock_His,1517,2024-11-01,OK
Stock_His,1519,2024-11-01,OK
Stock_His,1521,2024-11-01,OK
Stock_His,1522,2024-11-01,OK
Stock_His,1524,2024-11-01,OK
Stock_His,1525,2024-11-01,OK
Stock_His,1526,2024-11-01,OK
Stock_His,1527,2024-11-01,OK
Stock_His,1528,2024-11-01,OK
Stock_His,1529,2024-11-01,OK
Stock_His,1530,2024-11-01,OK
Stock_His,1531,2024-11-01,OK
Stock_His,1532,2024-11-01,OK
Stock_His,1533,2024-11-01,OK
Stock_His,1535,2024-11-01,OK
Stock_His,1536,2024-11-01,OK
Stock_His,1537,2024-11-01,OK
Stock_His,1538,2024-11-01,OK
Stock_His,1539,2024-11-01,OK
Stock_His,1540,2024-11-01,OK
Stock_His,1541,2024-11-01,OK
Stock_His,1558,2024-11-01,OK
Stock_His,1560,2024-11-01,OK
Stock_His,1563,2024-11-01,OK
Stock_His,1565,2024-11-01,OK
Stock_His,1568,2024-11-01,OK
Stock_His,1569,2024-11-01,OK
Stock_His,1570,2024-11-01,OK
Stock_His,1580,2024-11-01,OK
Stock_His,1582,2024-11-01,OK
Stock_His,1583,2024-11-01,OK
Stock_His,1584,2024-11-01,OK
Stock_His,1586,2024-11-01,OK
Stock_His,1587,2024-11-01,OK
Stock_His,1589,2024-11-01,OK
Stock_His,1590,2024-11-01,OK
Stock_His,1591,2024-11-01,OK
Stock_His,1593,2024-11-01,OK
Stock_His,1595,2024-11-01,OK
Stock_His,1597,2024-11-01,OK
Stock_His,1598,2024-11-01,OK
Stock_His,1599,2024-11-01,OK
Stock_His,1603,2024-11-01,OK
Stock_His,1604,2024-11-01,OK
Stock_His,1605,2024-11-01,OK
Stock_His,1608,2024-11-01,OK
Stock_His,1609,2024-11-01,OK
Stock_His,1611,2024-11-01,OK
Stock_His,1612,2024-11-01,OK
Stock_His,1614,2024-11-01,OK
Stock_His,1615,2024-11-01,OK
Stock_His,1616,2024-11-01,OK
Stock_His,1617,2024-11-01,OK
Stock_His,1618,2024-11-01,OK
Stock_His,1626,2024-11-01,OK
Stock_His,1702,2024-11-01,OK
Stock_His,1707,2024-11-01,OK
Stock_His,1708,2024-11-01,OK
Stock_His,1709,2024-11-01,OK
Stock_His,1710,2024-11-01,OK
Stock_His,1711,2024-11-01,OK
Stock_His,1712,2024-11-01,OK
Stock_His,1713,2024-11-01,OK
Stock_His,1714,2024-11-01,OK
Stock_His,1717,2024-11-01,OK
Stock_His,1718,2024-11-01,OK
Stock_His,1720,2024-11-01,OK
Stock_His,1721,2024-11-01,OK
Stock_His,1722,2024-11-01,OK
Stock_His,1723,2024-11-01,OK
Stock_His,1725,2024-11-01,OK
Stock_His,1726,2024-11-01,OK
Stock_His,1727,2024-11-01,OK
Stock_His,1730,2024-11-01,OK
Stock_His,1731,2024-11-01,OK
Stock_His,1732,2024-11-01,OK
Stock_His,1733,2024-11-01,OK
Stock_His,1734,2024-11-01,OK
Stock_His,1735,2024-11-01,OK
Stock_His,1736,2024-11-01,OK
Stock_His,1737,2024-11-01,OK
Stock_His,1742,2024-11-01,OK
Stock_His,1752,2024-11-01,OK
Stock_His,1760,2024-11-01,OK
Stock_His,1762,2024-11-01,OK
Stock_His,1773,2024-11-01,OK
Stock_His,1776,2024-11-01,OK
Stock_His,1777,2024-11-01,OK
Stock_His,1781,2024-11-01,OK
Stock_His,1783,2024-11-01,OK
Stock_His,1784,2024-11-01,OK
Stock_His,1785,2024-11-01,OK
Stock_His,1786,2024-11-01,OK
Stock_His,1788,2024-11-01,OK
Stock_His,1789,2024-11-01,OK
Stock_His,1795,2024-11-01,OK
Stock_His,1796,2024-11-01,OK
Stock_His,1799,2024-11-01,OK
Stock_His,1802,2024-11-01,OK
Stock_His,1805,2024-11-01,OK
Stock_His,1806,2024-11-01,OK
Stock_His,1808,2024-11-01,OK
Stock_His,1809,2024-11-01,OK
Stock_His,1810,2024-11-01,OK
Stock_His,1813,2024-11-01,OK
Stock_His,1815,2024-11-01,OK
Stock_His,1817,2024-11-01,OK
Stock_His,1903,2024-11-01,OK
Stock_His,1904,2024-11-01,OK
Stock_His,1905,2024-11-01,OK
Stock_His,1906,2024-11-01,OK
Stock_His,1907,2024-11-01,OK
Stock_His,1909,2024-11-01,OK
Stock_His,2002,2024-11-01,OK
Stock_His,2006,2024-11-01,OK
Stock_His,2007,2024-11-01,OK
Stock_His,2008,2024-11-01,OK
Stock_His,2009,2024-11-01,OK
Stock_His,2010,2024-11-01,OK
Stock_His,2012,2024-11-01,OK
Stock_His,2013,2024-11-01,OK
Stock_His,2014,2024-11-01,OK
Stock_His,2015,2024-11-01,OK
Stock_His,2017,2024-11-01,OK
Stock_His,2020,2024-11-01,OK
Stock_His,2022,2024-11-01,OK
Stock_His,2023,2024-11-01,OK
Stock_His,2024,2024-11-01,OK
Stock_His,2025,2024-11-01,OK
Stock_His,2027,2024-11-01,OK
Stock_His,2028,2024-11-01,OK
Stock_His,2029,2024-11-01,OK
Stock_His,2030,2024-11-01,OK
Stock_His,2031,2024-11-01,OK
Stock_His,2032,2024-11-01,OK
Stock_His,2033,2024-11-01,OK
Stock_His,2034,2024-11-01,OK
Stock_His,2035,2024-11-01,OK
Stock_His,2038,2024-11-01,OK
Stock_His,2049,2024-11-01,OK
Stock_His,2059,2024-11-01,OK
Stock_His,2061,2024-11-01,OK
Stock_His,2062,2024-11-01,OK
Stock_His,2063,2024-11-01,OK
Stock_His,2064,2024-11-01,OK
Stock_His,2065,2024-11-01,OK
Stock_His,2066,2024-11-01,OK
Stock_His,2067,2024-11-01,OK
Stock_His,2069,2024-11-01,OK
Stock_His,2070,2024-11-01,OK
Stock_His,2073,2024-11-01,OK
Stock_His,2101,2024-11-01,OK
Stock_His,2102,2024-11-01,OK
Stock_His,2103,2024-11-01,OK
Stock_His,2104,2024-11-01,OK
Stock_His,2105,2024-11-01,OK
Stock_His,2106,2024-11-01,OK
Stock_His,2107,2024-11-01,OK
Stock_His,2108,2024-11-01,OK
Stock_His,2109,2024-11-01,OK
Stock_His,2114,2024-11-01,OK
Stock_His,2115,2024-11-01,OK
Stock_His,2201,2024-11-01,OK
Stock_His,2204,2024-11-01,OK
Stock_His,2206,2024-11-01,OK
Stock_His,2207,2024-11-01,OK
Stock_His,2208,2024-11-01,OK
Stock_His,2211,2024-11-01,OK
Stock_His,2221,2024-11-01,OK
Stock_His,2227,2024-11-01,OK
Stock_His,2228,2024-11-01,OK
Stock_His,2230,2024-11-01,OK
Stock_His,2231,2024-11-01,OK
Stock_His,2233,2024-11-01,OK
Stock_His,2235,2024-11-01,OK
Stock_His,2236,2024-11-01,OK
Stock_His,2239,2024-11-01,OK
Stock_His,2241,2024-11-01,OK
Stock_His,2243,2024-11-01,OK
Stock_His,2247,2024-11-01,OK
Stock_His,2250,2024-11-01,OK
Stock_His,2254,2024-11-01,OK
Stock_His,2258,2024-11-01,OK
Stock_His,2301,2024-11-01,OK
Stock_His,2302,2024-11-01,OK
Stock_His,2303,2024-11-01,OK
Stock_His,2305,2024-11-01,OK
Stock_His,2308,2024-11-01,OK
Stock_His,2312,2024-11-01,OK
Stock_His,2313,2024-11-01,OK
Stock_His,2314,2024-11-01,OK
Stock_His,2316,2024-11-01,OK
Stock_His,2317,2024-11-01,OK
Stock_His,2321,2024-11-01,OK
Stock_His,2323,2024-11-01,OK
Stock_His,2324,2024-11-01,OK
Stock_His,2327,2024-11-01,OK
Stock_His,2328,2024-11-01,OK
Stock_His,2329,2024-11-01,OK
Stock_His,2330,2024-11-01,OK
Stock_His,2331,2024-11-01,OK
Stock_His,2332,2024-11-01,OK
Stock_His,2337,2024-11-01,OK
Stock_His,2338,2024-11-01,OK
Stock_His,2340,2024-11-01,OK
Stock_His,2342,2024-11-01,OK
Stock_His,2344,2024-11-01,OK
Stock_His,2345,2024-11-01,OK
Stock_His,2347,2024-11-01,OK
Stock_His,2348,2024-11-01,OK
Stock_His,2349,2024-11-01,OK
Stock_His,2351,2024-11-01,OK
Stock_His,2352,2024-11-01,OK
Stock_His,2353,2024-11-01,OK
Stock_His,2354,2024-11-01,OK
Stock_His,2355,2024-11-01,OK
Stock_His,2356,2024-11-01,OK
Stock_His,2357,2024-11-01,OK
Stock_His,2358,2024-11-01,很抱歉，沒有符合條件的資料!
Stock_His,2359,2024-11-01,OK
Stock_His,2360,2024-11-01,OK
Stock_His,2362,2024-11-01,OK
Stock_His,2363,2024-11-01,OK
Stock_His,2364,2024-11-01,OK
Stock_His,2365,2024-11-01,OK
Stock_His,2367,2024-11-01,OK
Stock_His,2368,2024-11-01,OK
Stock_His,2369,2024-11-01,OK
Stock_His,2371,2024-11-01,OK
Stock_His,2373,2024-11-01,OK
Stock_His,2374,2024-11-01,OK
Stock_His,2375,2024-11-01,OK
Stock_His,2376,2024-11-01,OK
Stock_His,2377,2024-11-01,OK
Stock_His,2379,2024-11-01,OK
Stock_His,2380,2024-11-01,OK
Stock_His,2382,2024-11-01,OK
Stock_His,2383,2024-11-01,OK
Stock_His,2385,2024-11-01,OK
Stock_His,2387,2024-11-01,OK
Stock_His,2388,2024-11-01,OK
Stock_His,2390,2024-11-01,OK
Stock_His,2392,2024-11-01,OK
Stock_His,2393,2024-11-01,OK
Stock_His,2395,2024-11-01,OK
Stock_His,2397,2024-11-01,OK
Stock_His,2399,2024-11-01,OK
Stock_His,2401,2024-11-01,OK
Stock_His,2402,2024-11-01,OK
Stock_His,2404,2024-11-01,OK
Stock_His,2405,2024-11-01,OK
Stock_His,2406,2024-11-01,OK
Stock_His,2408,2024-11-01,OK
Stock_His,2409,2024-11-01,OK
Stock_His,2412,2024-11-01,OK
Stock_His,2413,2024-11-01,OK
Stock_His,2414,2024-11-01,OK
Stock_His,2415,2024-11-01,OK
Stock_His,2417,2024-11-01,OK
Stock_His,2419,2024-11-01,OK
Stock_His,2420,2024-11-01,OK
Stock_His,2421,2024-11-01,OK
Stock_His,2423,2024-11-01,OK
Stock_His,2424,2024-11-01,OK
Stock_His,2425,2024-11-01,OK
Stock_His,2426,2024-11-01,OK
Stock_His,2427,2024-11-01,OK
Stock_His,2428,2024-11-01,OK
Stock_His,2429,2024-11-01,OK
Stock_His,2430,2024-11-01,OK
Stock_His,2431,2024-11-01,OK
Stock_His,2432,2024-11-01,OK
Stock_His,2433,2024-11-01,OK
Stock_His,2434,2024-11-01,OK
Stock_His,2436,2024-11-01,OK
Stock_His,2439,2024-11-01,OK
Stock_His,2440,2024-11-01,OK
Stock_His,2441,2024-11-01,OK
Stock_His,2442,2024-11-01,OK
Stock_His,2443,2024-11-01,很抱歉，沒有符合條件的資料!
Stock_His,2444,2024-11-01,OK
Stock_His,2449,2024-11-01,OK
Stock_His,2450,2024-11-01,OK
Stock_His,2451,2024-11-01,OK
Stock_His,2453,2024-11-01,OK
Stock_His,2454,2024-11-01,OK
Stock_His,2455,2024-11-01,OK
Stock_His,2457,2024-11-01,OK
Stock_His,2458,2024-11-01,OK
Stock_His,2459,2024-11-01,OK
Stock_His,2460,2024-11-01,OK
Stock_His,2461,2024-11-01,OK
Stock_His,2462,2024-11-01,OK
Stock_His,2464,2024-11-01,OK
Stock_His,2465,2024-11-01,OK
Stock_His,2466,2024-11-01,OK
Stock_His,2467,2024-11-01,OK
Stock_His,2468,2024-11-01,OK
Stock_His,2471,2024-11-01,OK
Stock_His,2472,2024-11-01,OK
Stock_His,2474,2024-11-01,OK
Stock_His,2476,2024-11-01,OK
Stock_His,2477,2024-11-01,OK
Stock_His,2478,2024-11-01,OK
Stock_His,2480,2024-11-01,OK
Stock_His,2481,2024-11-01,OK
Stock_His,2482,2024-11-01,OK
Stock_His,2483,2024-11-01,OK
Stock_His,2484,2024-11-01,OK
Stock_His,2485,2024-11-01,OK
Stock_His,2486,2024-11-01,OK
Stock_His,2488,2024-11-01,OK
Stock_His,2489,2024-11-01,OK
Stock_His,2491,2024-11-01,OK
Stock_His,2492,2024-11-01,OK
Stock_His,2493,2024-11-01,OK
Stock_His,2495,2024-11-01,OK
Stock_His,2496,2024-11-01,OK
Stock_His,2497,2024-11-01,OK
Stock_His,2498,2024-11-01,OK
Stock_His,2501,2024-11-01,OK
Stock_His,2504,2024-11-01,OK
Stock_His,2505,2024-11-01,OK
Stock_His,2506,2024-11-01,OK
Stock_His,2509,2024-11-01,OK
Stock_His,2511,2024-11-01,OK
Stock_His,2514,2024-11-01,OK
Stock_His,2515,2024-11-01,OK
Stock_His,2516,2024-11-01,OK
Stock_His,2520,2024-11-01,OK
Stock_His,2524,2024-11-01,OK
Stock_His,2527,2024-11-01,OK
Stock_His,2528,2024-11-01,OK
Stock_His,2534,2024-11-01,OK
Stock_His,2535,2024-11-01,OK
Stock_His,2536,2024-11-01,OK
Stock_His,2537,2024-11-01,OK
Stock_His,2538,2024-11-01,OK
Stock_His,2539,2024-11-01,OK
Stock_His,2540,2024-11-01,OK
Stock_His,2542,2024-11-01,OK
Stock_His,2543,2024-11-01,OK
Stock_His,2545,2024-11-01,OK
Stock_His,2546,2024-11-01,OK
Stock_His,2547,2024-11-01,OK
Stock_His,2548,2024-11-01,OK
Stock_His,2596,2024-11-01,OK
Stock_His,2597,2024-11-01,OK
Stock_His,2601,2024-11-01,OK
Stock_His,2603,2024-11-01,OK
Stock_His,2605,2024-11-01,OK
Stock_His,2606,2024-11-01,OK
Stock_His,2607,2024-11-01,OK
Stock_His,2608,2024-11-01,OK
Stock_His,2609,2024-11-01,OK
Stock_His,2610,2024-11-01,OK
Stock_His,2611,2024-11-01,OK
Stock_His,2612,2024-11-01,OK
Stock_His,2613,2024-11-01,OK
Stock_His,2614,2024-11-01,OK
Stock_His,2615,2024-11-01,OK
Stock_His,2616,2024-11-01,OK
Stock_His,2617,2024-11-01,OK
Stock_His,2618,2024-11-01,OK
Stock_His,2630,2024-11-01,OK
Stock_His,2633,2024-11-01,OK
Stock_His,2634,2024-11-01,OK
Stock_His,2636,2024-11-01,OK
Stock_His,2637,2024-11-01,OK
Stock_His,2640,2024-11-01,OK
Stock_His,2641,2024-11-01,OK
Stock_His,2642,2024-11-01,OK
Stock_His,2643,2024-11-01,OK
Stock_His,2645,2024-11-01,OK
Stock_His,2646,2024-11-01,OK
Stock_His,2701,2024-11-01,OK
Stock_His,2702,2024-11-01,OK
Stock_His,2704,2024-11-01,OK
Stock_His,2705,2024-11-01,OK
Stock_His,2706,2024-11-01,OK
Stock_His,2707,2024-11-01,OK
Stock_His,2712,2024-11-01,OK
Stock_His,2718,2024-11-01,OK
Stock_His,2719,2024-11-01,OK
Stock_His,2722,2024-11-01,OK
Stock_His,2723,2024-11-01,OK
Stock_His,2724,2024-11-01,OK
Stock_His,2726,2024-11-01,OK
Stock_His,2727,2024-11-01,OK
Stock_His,2729,2024-11-01,OK
Stock_His,2731,2024-11-01,OK
Stock_His,2732,2024-11-01,OK
Stock_His,2734,2024-11-01,OK
Stock_His,2736,2024-11-01,OK
Stock_His,2739,2024-11-01,OK
Stock_His,2740,2024-11-01,OK
Stock_His,2743,2024-11-01,OK
Stock_His,2745,2024-11-01,OK
Stock_His,2748,2024-11-01,OK
Stock_His,2751,2024-11-01,OK
Stock_His,2752,2024-11-01,OK
Stock_His,2753,2024-11-01,OK
Stock_His,2754,2024-11-01,OK
Stock_His,2755,2024-11-01,OK
Stock_His,2756,2024-11-01,OK
Stock_His,2762,2024-11-01,OK
Stock_His,2801,2024-11-01,OK
Stock_His,2809,2024-11-01,OK
Stock_His,2812,2024-11-01,OK
Stock_His,2816,2024-11-01,OK
Stock_His,2820,2024-11-01,OK
Stock_His,2832,2024-11-01,OK
Stock_His,2834,2024-11-01,OK
Stock_His,2836,2024-11-01,OK
Stock_His,2838,2024-11-01,OK
Stock_His,2845,2024-11-01,OK
Stock_His,2849,2024-11-01,OK
Stock_His,2850,2024-11-01,OK
Stock_His,2851,2024-11-01,OK
Stock_His,2852,2024-11-01,OK
Stock_His,2855,2024-11-01,OK
Stock_His,2867,2024-11-01,OK
Stock_His,2880,2024-11-01,OK
Stock_His,2881,2024-11-01,OK
Stock_His,2882,2024-11-01,OK
Stock_His,2883,2024-11-01,OK
Stock_His,2884,2024-11-01,OK
Stock_His,2885,2024-11-01,OK
Stock_His,2886,2024-11-01,OK
Stock_His,2887,2024-11-01,OK
Stock_His,2888,2024-11-01,OK
Stock_His,2889,2024-11-01,OK
Stock_His,2916,2024-11-01,OK
Stock_His,2924,2024-11-01,OK
Stock_His,2926,2024-11-01,OK
Stock_His,2937,2024-11-01,OK
Stock_His,2941,2024-11-01,OK
Stock_His,2947,2024-11-01,OK
Stock_His,2948,2024-11-01,OK
Stock_His,2949,2024-11-01,OK
Stock_His,3064,2024-11-01,OK
Stock_His,3066,2024-11-01,OK
Stock_His,3067,2024-11-01,OK
Stock_His,3071,2024-11-01,OK
Stock_His,3073,2024-11-01,OK
Stock_His,3078,2024-11-01,OK
Stock_His,3081,2024-11-01,OK
Stock_His,3083,2024-11-01,OK
Stock_His,3085,2024-11-01,OK
Stock_His,3086,2024-11-01,OK
Stock_His,3088,2024-11-01,OK
Stock_His,3093,2024-11-01,OK
Stock_His,3095,2024-11-01,OK
Stock_His,3105,2024-11-01,OK
Stock_His,3114,2024-11-01,OK
Stock_His,3115,2024-11-01,OK
Stock_His,3118,2024-11-01,OK
Stock_His,3122,2024-11-01,OK
Stock_His,3128,2024-11-01,OK
Stock_His,3131,2024-11-01,OK
Stock_His,3141,2024-11-01,OK
Stock_His,3147,2024-11-01,OK
Stock_His,3152,2024-11-01,OK
Stock_His,3162,2024-11-01,OK
Stock_His,3163,2024-11-01,OK
Stock_His,3169,2024-11-01,OK
Stock_His,3171,2024-11-01,OK
Stock_His,3176,2024-11-01,OK
Stock_His,3178,2024-11-01,OK
Stock_His,3188,2024-11-01,OK
Stock_His,3191,2024-11-01,OK
Stock_His,3202,2024-11-01,OK
Stock_His,3205,2024-11-01,OK
Stock_His,3206,2024-11-01,OK
Stock_His,3207,2024-11-01,OK
Stock_His,3211,2024-11-01,OK
Stock_His,3213,2024-11-01,OK
Stock_His,3217,2024-11-01,OK
Stock_His,3218,2024-11-01,OK
Stock_His,3219,2024-11-01,OK
Stock_His,3221,2024-11-01,OK
Stock_His,3224,2024-11-01,OK
Stock_His,3226,2024-11-01,OK
Stock_His,3227,2024-11-01,OK
Stock_His,3228,2024-11-01,OK
Stock_His,3230,2024-11-01,OK
Stock_His,3232,2024-11-01,OK
Stock_His,3234,2024-11-01,OK
Stock_His,3236,2024-11-01,OK
Stock_His,3252,2024-11-01,OK
Stock_His,3259,2024-11-01,OK
Stock_His,3260,2024-11-01,OK
Stock_His,3264,2024-11-01,OK
Stock_His,3265,2024-11-01,OK
Stock_His,3268,2024-11-01,OK
Stock_His,3272,2024-11-01,OK
Stock_His,3276,2024-11-01,OK
Stock_His,3284,2024-11-01,OK
Stock_His,3287,2024-11-01,OK
Stock_His,3288,2024-11-01,OK
Stock_His,3289,2024-11-01,OK
Stock_His,3290,2024-11-01,OK
Stock_His,3293,2024-11-01,OK
Stock_His,3294,2024-11-01,OK
Stock_His,3297,2024-11-01,OK
Stock_His,3303,2024-11-01,OK
Stock_His,3306,2024-11-01,OK
Stock_His,3310,2024-11-01,OK
Stock_His,3313,2024-11-01,OK
Stock_His,3317,2024-11-01,OK
Stock_His,3322,2024-11-01,OK
Stock_His,3323,2024-11-01,OK
Stock_His,3324,2024-11-01,OK
Stock_His,3325,2024-11-01,OK
Stock_His,3332,2024-11-01,OK
Stock_His,3338,2024-11-01,OK
Stock_His,3339,2024-11-01,OK
Stock_His,3346,2024-11-01,OK
Stock_His,3349,2024-11-01,OK
Stock_His,3354,2024-11-01,OK
Stock_His,3356,2024-11-01,OK
Stock_His,3357,2024-11-01,OK
Stock_His,3360,2024-11-01,OK
Stock_His,3362,2024-11-01,OK
Stock_His,3363,2024-11-01,OK
Stock_His,3372,2024-11-01,OK
Stock_His,3373,2024-11-01,OK
Stock_His,3374,2024-11-01,OK
Stock_His,3376,2024-11-01,OK
Stock_His,3379,2024-11-01,OK
Stock_His,3380,2024-11-01,OK
Stock_His,3388,2024-11-01,OK
Stock_His,3390,2024-11-01,OK
Stock_His,3402,2024-11-01,OK
Stock_His,3406,2024-11-01,OK
Stock_His,3413,2024-11-01,OK
Stock_His,3416,2024-11-01,OK
Stock_His,3419,2024-11-01,OK
Stock_His,3426,2024-11-01,OK
Stock_His,3430,2024-11-01,OK
Stock_His,3432,2024-11-01,OK
Stock_His,3434,2024-11-01,OK
Stock_His,3437,2024-11-01,OK
Stock_His,3438,2024-11-01,OK
Stock_His,3441,2024-11-01,OK
Stock_His,3443,2024-11-01,OK
Stock_His,3444,2024-11-01,OK
Stock_His,3447,2024-11-01,OK
Stock_His,3450,2024-11-01,OK
Stock_His,3454,2024-11-01,OK
Stock_His,3455,2024-11-01,OK
Stock_His,3465,2024-11-01,OK
Stock_His,3466,2024-11-01,OK
Stock_His,3479,2024-11-01,OK
Stock_His,3481,2024-11-01,OK
Stock_His,3483,2024-11-01,OK
Stock_His,3484,2024-11-01,OK
Stock_His,3489,2024-11-01,OK
Stock_His,3490,2024-11-01,OK
Stock_His,3491,2024-11-01,OK
Stock_His,3492,2024-11-01,OK
Stock_His,3494,2024-11-01,OK
Stock_His,3498,2024-11-01,OK
Stock_His,3499,2024-11-01,OK
Stock_His,3504,2024-11-01,OK
Stock_His,3508,2024-11-01,OK
Stock_His,3511,2024-11-01,OK
Stock_His,3512,2024-11-01,OK
Stock_His,3515,2024-11-01,OK
Stock_His,3516,2024-11-01,OK
Stock_His,3518,2024-11-01,OK
Stock_His,3520,2024-11-01,OK
Stock_His,3521,2024-11-01,OK
Stock_His,3522,2024-11-01,OK
Stock_His,3523,2024-11-01,OK
Stock_His,3526,2024-11-01,OK
Stock_His,3527,2024-11-01,OK
Stock_His,3528,2024-11-01,OK
Stock_His,3529,2024-11-01,OK
Stock_His,3530,2024-11-01,OK
Stock_His,3531,2024-11-01,OK
Stock_His,3532,2024-11-01,OK
Stock_His,3533,2024-11-01,OK
Stock_His,3535,2024-11-01,OK
Stock_His,3537,2024-11-01,OK
Stock_His,3540,2024-11-01,OK
Stock_His,3541,2024-11-01,OK
Stock_His,3543,2024-11-01,OK
Stock_His,3545,2024-11-01,OK
Stock_His,3546,2024-11-01,OK
Stock_His,3548,2024-11-01,OK
Stock_His,3550,2024-11-01,OK
Stock_His,3551,2024-11-01,OK
Stock_His,3552,2024-11-01,OK
Stock_His,3555,2024-11-01,OK
Stock_His,3556,2024-11-01,OK
Stock_His,3557,2024-11-01,OK
Stock_His,3558,2024-11-01,OK
Stock_His,3563,2024-11-01,OK
Stock_His,3564,2024-11-01,OK
Stock_His,3567,2024-11-01,OK
Stock_His,3570,2024-11-01,OK
Stock_His,3576,2024-11-01,OK
Stock_His,3577,2024-11-01,OK
Stock_His,3580,2024-11-01,OK
Stock_His,3581,2024-11-01,OK
Stock_His,3583,2024-11-01,OK
Stock_His,3587,2024-11-01,OK
Stock_His,3588,2024-11-01,OK
Stock_His,3591,2024-11-01,OK
Stock_His,3592,2024-11-01,OK
Stock_His,3593,2024-11-01,OK
Stock_His,3594,2024-11-01,OK
Stock_His,3596,2024-11-01,OK
Stock_His,3597,2024-11-01,OK
Stock_His,3605,2024-11-01,OK
Stock_His,3607,2024-11-01,OK
Stock_His,3609,2024-11-01,OK
Stock_His,3611,2024-11-01,OK
Stock_His,3615,2024-11-01,OK
Stock_His,3617,2024-11-01,OK
Stock_His,3622,2024-11-01,OK
Stock_His,3623,2024-11-01,OK
Stock_His,3624,2024-11-01,OK
Stock_His,3625,2024-11-01,OK
Stock_His,3628,2024-11-01,OK
Stock_His,3629,2024-11-01,OK
Stock_His,3630,2024-11-01,OK
Stock_His,3631,2024-11-01,OK
Stock_His,3632,2024-11-01,OK
Stock_His,3645,2024-11-01,OK
Stock_His,3646,2024-11-01,OK
Stock_His,3652,2024-11-01,OK
Stock_His,3653,2024-11-01,OK
Stock_His,3661,2024-11-01,OK
Stock_His,3663,2024-11-01,OK
Stock_His,3664,2024-11-01,OK
Stock_His,3665,2024-11-01,OK
Stock_His,3666,2024-11-01,OK
Stock_His,3669,2024-11-01,OK
Stock_His,3672,2024-11-01,OK
Stock_His,3675,2024-11-01,OK
Stock_His,3679,2024-11-01,OK
Stock_His,3680,2024-11-01,OK
Stock_His,3684,2024-11-01,OK
Stock_His,3685,2024-11-01,OK
Stock_His,3686,2024-11-01,查詢日期大於今日，請重新查詢!
Stock_His,3687,2024-11-01,OK
Stock_His,3689,2024-11-01,OK
Stock_His,3691,2024-11-01,OK
Stock_His,3693,2024-11-01,OK
Stock_His,3694,2024-11-01,OK
Stock_His,3701,2024-11-01,OK
Stock_His,3702,2024-11-01,OK
Stock_His,3703,2024-11-01,OK
Stock_His,3704,2024-11-01,OK
Stock_His,3705,2024-11-01,OK
Stock_His,3706,2024-11-01,OK
Stock_His,3707,2024-11-01,OK
Stock_His,3708,2024-11-01,OK
Stock_His,3709,2024-11-01,OK
Stock_His,3710,2024-11-01,OK
Stock_His,3711,2024-11-01,OK
Stock_His,3712,2024-11-01,OK
Stock_His,3713,2024-11-01,OK
Stock_His,3714,2024-11-01,OK
Stock_His,3715,2024-11-01,OK
Stock_His,3716,2024-11-01,OK
Stock_His,4102,2024-11-01,OK
Stock_His,4104,2024-11-01,OK
Stock_His,4105,2024-11-01,OK
Stock_His,4106,2024-11-01,OK
Stock_His,4107,2024-11-01,OK
Stock_His,4108,2024-11-01,OK
Stock_His,4109,2024-11-01,OK
Stock_His,4111,2024-11-01,OK
Stock_His,4113,2024-11-01,OK
Stock_His,4114,2024-11-01,OK
Stock_His,4116,2024-11-01,OK
Stock_His,4119,2024-11-01,OK
Stock_His,4120,2024-11-01,OK
Stock_His,4121,2024-11-01,OK
Stock_His,4123,2024-11-01,OK
Stock_His,4126,2024-11-01,OK
Stock_His,4127,2024-11-01,OK
Stock_His,4128,2024-11-01,OK
Stock_His,4129,2024-11-01,OK
Stock_His,4130,2024-11-01,OK
Stock_His,4131,2024-11-01,OK
Stock_His,4133,2024-11-01,OK
Stock_His,4137,2024-11-01,OK
Stock_His,4138,2024-11-01,OK
Stock_His,4139,2024-11-01,OK
Stock_His,4142,2024-11-01,OK
Stock_His,4147,2024-11-01,OK
Stock_His,4148,2024-11-01,OK
Stock_His,4153,2024-11-01,OK
Stock_His,4154,2024-11-01,OK
Stock_His,4157,2024-11-01,OK
Stock_His,4160,2024-11-01,OK
Stock_His,4161,2024-11-01,OK
Stock_His,4162,2024-11-01,OK
Stock_His,4164,2024-11-01,OK
Stock_His,4167,2024-11-01,OK
Stock_His,4168,2024-11-01,OK
Stock_His,4171,2024-11-01,OK
Stock_His,4173,2024-11-01,OK
Stock_His,4174,2024-11-01,OK
Stock_His,4175,2024-11-01,OK
Stock_His,4183,2024-11-01,OK
Stock_His,4188,2024-11-01,OK
Stock_His,4190,2024-11-01,OK
Stock_His,4192,2024-11-01,OK
Stock_His,4198,2024-11-01,OK
Stock_His,4205,2024-11-01,OK
Stock_His,4207,2024-11-01,OK
Stock_His,4303,2024-11-01,OK
Stock_His,4304,2024-11-01,OK
Stock_His,4305,2024-11-01,OK
Stock_His,4306,2024-11-01,OK
Stock_His,4401,2024-11-01,OK
Stock_His,4402,2024-11-01,OK
Stock_His,4406,2024-11-01,OK
Stock_His,4413,2024-11-01,OK
Stock_His,4414,2024-11-01,OK
Stock_His,4416,2024-11-01,OK
Stock_His,4417,2024-11-01,OK
Stock_His,4419,2024-11-01,OK
Stock_His,4420,2024-11-01,OK
Stock_His,4426,2024-11-01,OK
Stock_His,4430,2024-11-01,OK
Stock_His,4432,2024-11-01,OK
Stock_His,4433,2024-11-01,OK
Stock_His,4438,2024-11-01,OK
Stock_His,4439,2024-11-01,OK
Stock_His,4440,2024-11-01,OK
Stock_His,4442,2024-11-01,OK
Stock_His,4502,2024-11-01,OK
Stock_His,4503,2024-11-01,OK
Stock_His,4506,2024-11-01,OK
Stock_His,4510,2024-11-01,OK
Stock_His,4513,2024-11-01,OK
Stock_His,4523,2024-11-01,OK
Stock_His,4526,2024-11-01,OK
Stock_His,4527,2024-11-01,OK
Stock_His,4528,2024-11-01,OK
Stock_His,4529,2024-11-01,OK
Stock_His,4530,2024-11-01,OK
Stock_His,4532,2024-11-01,OK
Stock_His,4533,2024-11-01,OK
Stock_His,4534,2024-11-01,OK
Stock_His,4535,2024-11-01,OK
Stock_His,4538,2024-11-01,OK
Stock_His,4540,2024-11-01,OK
Stock_His,4541,2024-11-01,OK
Stock_His,4542,2024-11-01,OK
Stock_His,4543,2024-11-01,OK
Stock_His,4545,2024-11-01,OK
Stock_His,4549,2024-11-01,OK
Stock_His,4550,2024-11-01,OK
Stock_His,4551,2024-11-01,OK
Stock_His,4552,2024-11-01,OK
Stock_His,4554,2024-11-01,OK
Stock_His,4555,2024-11-01,OK
Stock_His,4556,2024-11-01,OK
Stock_His,4557,2024-11-01,OK
Stock_His,4558,2024-11-01,OK
Stock_His,4560,2024-11-01,OK
Stock_His,4561,2024-11-01,OK
Stock_His,4562,2024-11-01,OK
Stock_His,4563,2024-11-01,OK
Stock_His,4564,2024-11-01,OK
Stock_His,4566,2024-11-01,OK
Stock_His,4568,2024-11-01,OK
Stock_His,4569,2024-11-01,OK
Stock_His,4571,2024-11-01,OK
Stock_His,4572,2024-11-01,OK
Stock_His,4576,2024-11-01,OK
Stock_His,4577,2024-11-01,OK
Stock_His,4580,2024-11-01,OK
Stock_His,4581,2024-11-01,OK
Stock_His,4583,2024-11-01,OK
Stock_His,4584,2024-11-01,OK
Stock_His,4588,2024-11-01,OK
Stock_His,4609,2024-11-01,OK
Stock_His,4702,2024-11-01,OK
Stock_His,4706,2024-11-01,OK
Stock_His,4707,2024-11-01,OK
Stock_His,4711,2024-11-01,OK
Stock_His,4714,2024-11-01,OK
Stock_His,4716,2024-11-01,OK
Stock_His,4720,2024-11-01,OK
Stock_His,4721,2024-11-01,OK
Stock_His,4722,2024-11-01,OK
Stock_His,4726,2024-11-01,OK
Stock_His,4728,2024-11-01,OK
Stock_His,4729,2024-11-01,OK
Stock_His,4735,2024-11-01,OK
Stock_His,4736,2024-11-01,OK
Stock_His,4737,2024-11-01,OK
Stock_His,4739,2024-11-01,OK
Stock_His,4741,2024-11-01,OK
Stock_His,4743,2024-11-01,OK
Stock_His,4744,2024-11-01,OK
Stock_His,4745,2024-11-01,OK
Stock_His,4746,2024-11-01,OK
Stock_His,4747,2024-11-01,OK
Stock_His,4754,2024-11-01,OK
Stock_His,4755,2024-11-01,OK
Stock_His,4760,2024-11-01,OK
Stock_His,4763,2024-11-01,OK
Stock_His,4764,2024-11-01,OK
Stock_His,4766,2024-11-01,OK
Stock_His,4767,2024-11-01,OK
Stock_His,4768,2024-11-01,OK
Stock_His,4770,2024-11-01,OK
Stock_His,4772,2024-11-01,OK
Stock_His,4804,2024-07-01,OK
Stock_His,4804,2024-08-01,OK
Stock_His,4804,2024-09-01,OK
Stock_His,4804,2024-10-01,OK
Stock_His,4804,2024-11-01,OK
Stock_His,4806,2024-11-01,OK
Stock_His,4807,2024-11-01,OK
Stock_His,4903,2024-11-01,OK
Stock_His,4904,2024-11-01,OK
Stock_His,4905,2024-11-01,OK
Stock_His,4906,2024-11-01,OK
Stock_His,4907,2024-11-01,OK
Stock_His,4908,2024-11-01,OK
Stock_His,4909,2024-11-01,OK
Stock_His,4911,2024-11-01,OK
Stock_His,4912,2024-11-01,OK
Stock_His,4915,2024-11-01,OK
Stock_His,4916,2024-11-01,OK
Stock_His,4919,2024-11-01,OK
Stock_His,4923,2024-11-01,OK
Stock_His,4924,2024-11-01,OK
Stock_His,4927,2024-11-01,OK
Stock_His,4930,2024-11-01,OK
Stock_His,4931,2024-11-01,OK
Stock_His,4933,2024-11-01,OK
Stock_His,4934,2024-11-01,OK
Stock_His,4935,2024-11-01,OK
Stock_His,4938,2024-11-01,OK
Stock_His,4939,2024-11-01,OK
Stock_His,4942,2024-11-01,OK
Stock_His,4943,2024-11-01,OK
Stock_His,4945,2024-11-01,OK
Stock_His,4946,2024-11-01,OK
Stock_His,4949,2024-11-01,OK
Stock_His,4950,2024-11-01,OK
Stock_His,4951,2024-11-01,OK
Stock_His,4952,2024-11-01,OK
Stock_His,4953,2024-11-01,OK
Stock_His,4956,2024-11-01,OK
Stock_His,4958,2024-11-01,OK
Stock_His,4960,2024-11-01,OK
Stock_His,4961,2024-11-01,OK
Stock_His,4966,2024-11-01,OK
Stock_His,4967,2024-11-01,OK
Stock_His,4968,2024-11-01,OK
Stock_His,4971,2024-11-01,OK
Stock_His,4972,2024-11-01,OK
Stock_His,4973,2024-11-01,OK
Stock_His,4974,2024-11-01,OK
Stock_His,4976,2024-11-01,OK
Stock_His,4977,2024-11-01,OK
Stock_His,4979,2024-11-01,OK
Stock_His,4987,2024-11-01,OK
Stock_His,4989,2024-11-01,OK
Stock_His,4991,2024-11-01,OK
Stock_His,4994,2024-11-01,OK
Stock_His,4995,2024-11-01,OK
Stock_His,4999,2024-11-01,OK
Stock_His,5007,2024-11-01,OK
Stock_His,5009,2024-11-01,OK
Stock_His,5011,2024-11-01,OK
Stock_His,5013,2024-11-01,OK
Stock_His,5014,2024-11-01,OK
Stock_His,5015,2024-11-01,OK
Stock_His,5016,2024-11-01,OK
Stock_His,5201,2024-11-01,OK
Stock_His,5202,2024-11-01,OK
Stock_His,5203,2024-11-01,OK
Stock_His,5205,2024-11-01,OK
Stock_His,5206,2024-11-01,OK
Stock_His,5209,2024-11-01,OK
Stock_His,5210,2024-11-01,OK
Stock_His,5211,2024-11-01,OK
Stock_His,5212,2024-11-01,OK
Stock_His,5213,2024-11-01,OK
Stock_His,5215,2024-11-01,OK
Stock_His,5220,2024-11-01,OK
Stock_His,5222,2024-11-01,OK
Stock_His,5223,2024-11-01,OK
Stock_His,5225,2024-11-01,OK
Stock_His,5227,2024-11-01,OK
Stock_His,5228,2024-11-01,OK
Stock_His,5230,2024-11-01,OK
Stock_His,5234,2024-11-01,OK
Stock_His,5236,2024-11-01,OK
Stock_His,5243,2024-11-01,OK
Stock_His,5244,2024-11-01,OK
Stock_His,5245,2024-11-01,OK
Stock_His,5251,2024-11-01,OK
Stock_His,5258,2024-11-01,OK
Stock_His,5263,2024-11-01,OK
Stock_His,5269,2024-11-01,OK
Stock_His,5272,2024-11-01,OK
Stock_His,5274,2024-11-01,OK
Stock_His,5276,2024-11-01,OK
Stock_His,5278,2024-11-01,OK
Stock_His,5283,2024-11-01,OK
Stock_His,5284,2024-11-01,OK
Stock_His,5285,2024-11-01,OK
Stock_His,5287,2024-11-01,OK
Stock_His,5288,2024-11-01,OK
Stock_His,5289,2024-11-01,OK
Stock_His,5291,2024-11-01,OK
Stock_His,5292,2024-11-01,OK
Stock_His,5299,2024-11-01,OK
Stock_His,5301,2024-11-01,OK
Stock_His,5302,2024-11-01,OK
Stock_His,5306,2024-11-01,OK
Stock_His,5309,2024-11-01,OK
Stock_His,5310,2024-11-01,OK
Stock_His,5312,2024-11-01,OK
Stock_His,5314,2024-11-01,OK
Stock_His,5315,2024-11-01,OK
Stock_His,5321,2024-11-01,OK
Stock_His,5324,2024-11-01,OK
Stock_His,5328,2024-11-01,OK
Stock_His,5340,2024-11-01,OK
Stock_His,5344,2024-11-01,OK
Stock_His,5345,2024-11-01,OK
Stock_His,5347,2024-11-01,OK
Stock_His,5348,2024-11-01,OK
Stock_His,5351,2024-11-01,OK
Stock_His,5353,2024-11-01,OK
Stock_His,5355,2024-11-01,OK
Stock_His,5356,2024-11-01,OK
Stock_His,5364,2024-11-01,OK
Stock_His,5371,2024-11-01,OK
Stock_His,5381,2024-11-01,OK
Stock_His,5386,2024-11-01,OK
Stock_His,5388,2024-11-01,OK
Stock_His,5392,2024-11-01,OK
Stock_His,5398,2024-11-01,OK
Stock_His,5403,2024-11-01,OK
Stock_His,5410,2024-11-01,OK
Stock_His,5425,2024-11-01,OK
Stock_His,5426,2024-11-01,OK
Stock_His,5432,2024-11-01,OK
Stock_His,5434,2024-11-01,OK
Stock_His,5438,2024-11-01,OK
Stock_His,5439,2024-11-01,OK
Stock_His,5443,2024-11-01,OK
Stock_His,5450,2024-11-01,OK
Stock_His,5452,2024-11-01,OK
Stock_His,5455,2024-11-01,OK
Stock_His,5457,2024-11-01,OK
Stock_His,5460,2024-11-01,OK
Stock_His,5464,2024-11-01,OK
Stock_His,5465,2024-11-01,OK
Stock_His,5468,2024-11-01,OK
Stock_His,5469,2024-11-01,OK
Stock_His,5471,2024-11-01,OK
Stock_His,5474,2024-11-01,OK
Stock_His,5475,2024-11-01,OK
Stock_His,5478,2024-11-01,OK
Stock_His,5481,2024-11-01,OK
Stock_His,5483,2024-11-01,OK
Stock_His,5484,2024-11-01,OK
Stock_His,5487,2024-11-01,OK
Stock_His,5488,2024-11-01,OK
Stock_His,5489,2024-11-01,OK
Stock_His,5490,2024-11-01,OK
Stock_His,5493,2024-11-01,OK
Stock_His,5498,2024-11-01,OK
Stock_His,5508,2024-11-01,OK
Stock_His,5511,2024-11-01,OK
Stock_His,5512,2024-11-01,OK
Stock_His,5514,2024-11-01,OK
Stock_His,5515,2024-11-01,OK
Stock_His,5516,2024-11-01,OK
Stock_His,5519,2024-11-01,OK
Stock_His,5520,2024-11-01,OK
Stock_His,5521,2024-11-01,OK
Stock_His,5522,2024-11-01,OK
Stock_His,5523,2024-11-01,OK
Stock_His,5525,2024-11-01,OK
Stock_His,5529,2024-11-01,OK
Stock_His,5530,2024-11-01,OK
Stock_His,5531,2024-11-01,OK
Stock_His,5533,2024-11-01,OK
Stock_His,5534,2024-11-01,OK
Stock_His,5536,2024-11-01,OK
Stock_His,5538,2024-11-01,OK
Stock_His,5543,2024-11-01,OK
Stock_His,5546,2024-11-01,OK
Stock_His,5548,2024-11-01,OK
Stock_His,5601,2024-11-01,OK
Stock_His,5603,2024-11-01,OK
Stock_His,5604,2024-11-01,OK
Stock_His,5607,2024-11-01,OK
Stock_His,5608,2024-11-01,OK
Stock_His,5609,2024-11-01,OK
Stock_His,5701,2024-11-01,OK
Stock_His,5703,2024-11-01,OK
Stock_His,5704,2024-11-01,OK
Stock_His,5706,2024-11-01,OK
Stock_His,5864,2024-11-01,OK
Stock_His,5871,2024-11-01,OK
Stock_His,5876,2024-11-01,OK
Stock_His,5878,2024-11-01,OK
Stock_His,5880,2024-11-01,OK
Stock_His,5902,2024-11-01,OK
Stock_His,5903,2024-11-01,OK
Stock_His,5904,2024-11-01,OK
Stock_His,5905,2024-11-01,OK
Stock_His,5906,2024-11-01,OK
Stock_His,5907,2024-11-01,OK
Stock_His,6005,2024-11-01,OK
Stock_His,6015,2024-11-01,OK
Stock_His,6016,2024-11-01,OK
Stock_His,6020,2024-11-01,OK
Stock_His,6021,2024-11-01,OK
Stock_His,6023,2024-11-01,OK
Stock_His,6024,2024-11-01,OK
Stock_His,6026,2024-11-01,OK
Stock_His,6101,2024-11-01,OK
Stock_His,6103,2024-11-01,OK
Stock_His,6104,2024-11-01,OK
Stock_His,6108,2024-11-01,OK
Stock_His,6109,2024-11-01,OK
Stock_His,6111,2024-11-01,OK
Stock_His,6112,2024-11-01,OK
Stock_His,6113,2024-11-01,OK
Stock_His,6114,2024-11-01,OK
Stock_His,6115,2024-11-01,OK
Stock_His,6116,2024-11-01,OK
Stock_His,6117,2024-11-01,OK
Stock_His,6118,2024-11-01,OK
Stock_His,6120,2024-11-01,OK
Stock_His,6121,2024-11-01,OK
Stock_His,6122,2024-11-01,OK
Stock_His,6123,2024-11-01,OK
Stock_His,6124,2024-11-01,OK
Stock_His,6125,2024-11-01,OK
Stock_His,6126,2024-11-01,OK
Stock_His,6127,2024-11-01,OK
Stock_His,6128,2024-11-01,OK
Stock_His,6129,2024-11-01,OK
Stock_His,6130,2024-11-01,OK
Stock_His,6133,2024-11-01,OK
Stock_His,6134,2024-11-01,OK
Stock_His,6136,2024-11-01,OK
Stock_His,6138,2024-11-01,OK
Stock_His,6139,2024-11-01,OK
Stock_His,6140,2024-11-01,OK
Stock_His,6141,2024-11-01,OK
Stock_His,6142,2024-11-01,OK
Stock_His,6143,2024-11-01,OK
Stock_His,6144,2024-11-01,OK
Stock_His,6146,2024-11-01,OK
Stock_His,6147,2024-11-01,OK
Stock_His,6148,2024-11-01,OK
Stock_His,6150,2024-11-01,OK
Stock_His,6151,2024-11-01,OK
Stock_His,6152,2024-11-01,OK
Stock_His,6153,2024-11-01,OK
Stock_His,6154,2024-11-01,OK
Stock_His,6155,2024-11-01,OK
Stock_His,6156,2024-11-01,OK
Stock_His,6158,2024-11-01,OK
Stock_His,6160,2024-11-01,OK
Stock_His,6161,2024-11-01,OK
Stock_His,6163,2024-11-01,OK
Stock_His,6164,2024-11-01,OK
Stock_His,6165,2024-11-01,OK
Stock_His,6166,2024-11-01,OK
Stock_His,6167,2024-11-01,OK
Stock_His,6168,2024-11-01,OK
Stock_His,6169,2024-11-01,OK
Stock_His,6170,2024-11-01,OK
Stock_His,6171,2024-11-01,OK
Stock_His,6173,2024-11-01,OK
Stock_His,6174,2024-11-01,OK
Stock_His,6175,2024-11-01,OK
Stock_His,6176,2024-11-01,OK
Stock_His,6177,2024-11-01,OK
Stock_His,6179,2024-11-01,OK
Stock_His,6180,2024-11-01,OK
Stock_His,6182,2024-11-01,OK
Stock_His,6183,2024-11-01,OK
Stock_His,6184,2024-11-01,OK
Stock_His,6185,2024-11-01,OK
Stock_His,6186,2024-11-01,OK
Stock_His,6187,2024-11-01,OK
Stock_His,6188,2024-11-01,OK
Stock_His,6189,2024-11-01,OK
Stock_His,6190,2024-11-01,OK
Stock_His,6191,2024-11-01,OK
Stock_His,6192,2024-11-01,OK
Stock_His,6194,2024-11-01,OK
Stock_His,6195,2024-11-01,OK
Stock_His,6196,2024-11-01,OK
Stock_His,6197,2024-11-01,OK
Stock_His,6198,2024-11-01,OK
Stock_His,6199,2024-11-01,OK
Stock_His,6201,2024-11-01,OK
Stock_His,6202,2024-11-01,OK
Stock_His,6203,2024-11-01,OK
Stock_His,6204,2024-11-01,OK
Stock_His,6205,2024-11-01,OK
Stock_His,6206,2024-11-01,OK
Stock_His,6207,2024-11-01,OK
Stock_His,6208,2024-11-01,OK
Stock_His,6209,2024-11-01,OK
Stock_His,6210,2024-11-01,OK
Stock_His,6212,2024-11-01,OK
Stock_His,6213,2024-11-01,OK
Stock_His,6214,2024-11-01,OK
Stock_His,6215,2024-11-01,OK
Stock_His,6216,2024-11-01,OK
Stock_His,6217,2024-11-01,OK
Stock_His,6218,2024-11-01,OK
Stock_His,6219,2024-11-01,OK
Stock_His,6220,2024-11-01,OK
Stock_His,6221,2024-11-01,OK
Stock_His,6222,2024-11-01,OK
Stock_His,6223,2024-11-01,OK
Stock_His,6224,2024-11-01,OK
Stock_His,6225,2024-11-01,OK
Stock_His,6226,2024-11-01,OK
Stock_His,6227,2024-11-01,OK
Stock_His,6228,2024-11-01,OK
Stock_His,6229,2024-11-01,OK
Stock_His,6230,2024-11-01,OK
Stock_His,6231,2024-11-01,OK
Stock_His,6233,2024-11-01,OK
Stock_His,6234,2024-11-01,OK
Stock_His,6235,2024-11-01,OK
Stock_His,6236,2024-11-01,OK
Stock_His,6237,2024-11-01,OK
Stock_His,6239,2024-11-01,OK
Stock_His,6240,2024-11-01,OK
Stock_His,6241,2024-11-01,OK
Stock_His,6242,2024-11-01,OK
Stock_His,6243,2024-11-01,OK
Stock_His,6244,2024-11-01,OK
Stock_His,6245,2024-11-01,OK
Stock_His,6246,2024-11-01,OK
Stock_His,6248,2024-11-01,OK
Stock_His,6257,2024-11-01,OK
Stock_His,6259,2024-11-01,OK
Stock_His,6261,2024-11-01,OK
Stock_His,6263,2024-11-01,OK
Stock_His,6264,2024-11-01,OK
Stock_His,6265,2024-11-01,OK
Stock_His,6266,2024-11-01,OK
Stock_His,6269,2024-11-01,OK
Stock_His,6270,2024-11-01,OK
Stock_His,6271,2024-11-01,OK
Stock_His,6274,2024-11-01,OK
Stock_His,6275,2024-11-01,OK
Stock_His,6276,2024-11-01,OK
Stock_His,6277,2024-11-01,OK
Stock_His,6278,2024-11-01,OK
Stock_His,6279,2024-11-01,OK
Stock_His,6281,2024-11-01,OK
Stock_His,6282,2024-11-01,OK
Stock_His,6283,2024-11-01,OK
Stock_His,6284,2024-11-01,OK
Stock_His,6285,2024-11-01,OK
Stock_His,6287,2024-11-01,OK
Stock_His,6288,2024-11-01,OK
Stock_His,6290,2024-11-01,OK
Stock_His,6291,2024-11-01,OK
Stock_His,6292,2024-11-01,OK
Stock_His,6294,2024-11-01,OK
Stock_His,6405,2024-11-01,OK
Stock_His,6409,2024-11-01,OK
Stock_His,6411,2024-11-01,OK
Stock_His,6412,2024-11-01,OK
Stock_His,6414,2024-11-01,OK
Stock_His,6415,2024-11-01,OK
Stock_His,6416,2024-11-01,OK
Stock_His,6417,2024-11-01,OK
Stock_His,6418,2024-11-01,OK
Stock_His,6419,2024-11-01,OK
Stock_His,6423,2024-11-01,OK
Stock_His,6425,2024-11-01,OK
Stock_His,6426,2024-11-01,OK
Stock_His,6431,2024-11-01,OK
Stock_His,6432,2024-11-01,OK
Stock_His,6435,2024-11-01,OK
Stock_His,6438,2024-11-01,OK
Stock_His,6441,2024-11-01,OK
Stock_His,6442,2024-11-01,OK
Stock_His,6443,2024-11-01,OK
Stock_His,6446,2024-11-01,OK
Stock_His,6449,2024-11-01,OK
Stock_His,6451,2024-11-01,OK
Stock_His,6456,2024-11-01,OK
Stock_His,6457,2024-11-01,OK
Stock_His,6461,2024-11-01,OK
Stock_His,6462,2024-11-01,OK
Stock_His,6464,2024-11-01,OK
Stock_His,6465,2024-11-01,OK
Stock_His,6469,2024-11-01,OK
Stock_His,6470,2024-11-01,OK
Stock_His,6472,2024-11-01,OK
Stock_His,6477,2024-11-01,OK
Stock_His,6482,2024-11-01,OK
Stock_His,6485,2024-11-01,OK
Stock_His,6486,2024-11-01,OK
Stock_His,6488,2024-11-01,OK
Stock_His,6491,2024-11-01,OK
Stock_His,6492,2024-11-01,OK
Stock_His,6494,2024-11-01,OK
Stock_His,6496,2024-11-01,OK
Stock_His,6499,2024-11-01,OK
Stock_His,6504,2024-11-01,OK
Stock_His,6505,2024-11-01,OK
Stock_His,6506,2024-11-01,OK
Stock_His,6508,2024-11-01,OK
Stock_His,6509,2024-11-01,OK
Stock_His,6510,2024-11-01,OK
Stock_His,6512,2024-11-01,OK
Stock_His,6515,2024-11-01,OK
Stock_His,6516,2024-11-01,OK
Stock_His,6517,2024-11-01,OK
Stock_His,6523,2024-11-01,OK
Stock_His,6525,2024-11-01,OK
Stock_His,6527,2024-11-01,OK
Stock_His,6530,2024-11-01,OK
Stock_His,6532,2024-11-01,OK
Stock_His,6535,2024-11-01,OK
Stock_His,6538,2024-11-01,OK
Stock_His,6542,2024-11-01,OK
Stock_His,6546,2024-11-01,OK
Stock_His,6547,2024-11-01,OK
Stock_His,6548,2024-11-01,OK
Stock_His,6556,2024-11-01,OK
Stock_His,6560,2024-11-01,OK
Stock_His,6561,2024-11-01,OK
Stock_His,6568,2024-11-01,OK
Stock_His,6569,2024-11-01,OK
Stock_His,6570,2024-11-01,OK
Stock_His,6574,2024-11-01,OK
Stock_His,6576,2024-11-01,OK
Stock_His,6577,2024-11-01,OK
Stock_His,6578,2024-11-01,OK
Stock_His,6584,2024-11-01,OK
Stock_His,6588,2024-11-01,OK
Stock_His,6589,2024-11-01,OK
Stock_His,6590,2024-11-01,OK
Stock_His,6593,2024-11-01,OK
Stock_His,6596,2024-11-01,OK
Stock_His,6603,2024-11-01,OK
Stock_His,6609,2024-11-01,OK
Stock_His,6612,2024-11-01,OK
Stock_His,6613,2024-11-01,OK
Stock_His,6615,2024-11-01,OK
Stock_His,6616,2024-11-01,OK
Stock_His,6617,2024-11-01,OK
Stock_His,6624,2024-11-01,OK
Stock_His,6629,2024-11-01,OK
Stock_His,6637,2024-11-01,OK
Stock_His,6640,2024-11-01,OK
Stock_His,6642,2024-11-01,OK
Stock_His,6643,2024-11-01,OK
Stock_His,6649,2024-11-01,OK
Stock_His,6651,2024-11-01,OK
Stock_His,6654,2024-11-01,OK
Stock_His,6661,2024-11-01,OK
Stock_His,6662,2024-11-01,OK
Stock_His,6664,2024-11-01,OK
Stock_His,6667,2024-11-01,OK
Stock_His,6679,2024-11-01,OK
Stock_His,6680,2024-11-01,OK
Stock_His,6683,2024-11-01,OK
Stock_His,6684,2024-11-01,OK
Stock_His,6690,2024-11-01,OK
Stock_His,6692,2024-11-01,OK
Stock_His,6693,2024-11-01,OK
Stock_His,6697,2024-11-01,OK
Stock_His,6703,2024-11-01,OK
Stock_His,6708,2024-11-01,OK
Stock_His,6712,2024-11-01,OK
Stock_His,6716,2024-11-01,OK
Stock_His,6721,2024-11-01,OK
Stock_His,6727,2024-11-01,OK
Stock_His,6728,2024-11-01,OK
Stock_His,6732,2024-11-01,OK
Stock_His,6733,2024-11-01,OK
Stock_His,6735,2024-11-01,OK
Stock_His,6739,2024-11-01,OK
Stock_His,6747,2024-11-01,OK
Stock_His,6751,2024-11-01,OK
Stock_His,6752,2024-11-01,OK
Stock_His,6761,2024-11-01,OK
Stock_His,6762,2024-11-01,OK
Stock_His,6763,2024-11-01,OK
Stock_His,6767,2024-11-01,OK
Stock_His,6785,2024-11-01,OK
Stock_His,6788,2024-11-01,OK
Stock_His,6791,2024-11-01,OK
Stock_His,6803,2024-11-01,OK
Stock_His,6804,2024-11-01,OK
Stock_His,6811,2024-11-01,OK
Stock_His,6821,2024-11-01,OK
Stock_His,6823,2024-11-01,OK
Stock_His,6829,2024-11-01,OK
Stock_His,6840,2024-11-01,OK
Stock_His,6841,2024-11-01,OK
Stock_His,6843,2024-11-01,OK
Stock_His,6844,2024-11-01,OK
Stock_His,6846,2024-11-01,OK
Stock_His,6855,2024-11-01,OK
Stock_His,6856,2024-11-01,OK
Stock_His,6859,2024-11-01,OK
Stock_His,6865,2024-11-01,OK
Stock_His,6870,2024-11-01,OK
Stock_His,6874,2024-11-01,OK
Stock_His,6875,2024-11-01,OK
Stock_His,6877,2024-11-01,OK
Stock_His,6881,2024-11-01,OK
Stock_His,6894,2024-11-01,OK
Stock_His,6895,2024-11-01,OK
Stock_His,6899,2024-11-01,OK
Stock_His,6903,2024-11-01,OK
Stock_His,6904,2024-11-01,OK
Stock_His,6913,2024-11-01,OK
Stock_His,6922,2024-11-01,OK
Stock_His,6929,2024-11-01,OK
Stock_His,6953,2024-11-01,OK
Stock_His,6967,2024-11-01,OK
Stock_His,6968,2024-11-01,OK
Stock_His,7402,2024-11-01,OK
Stock_His,7556,2024-11-01,OK
Stock_His,7584,2024-11-01,OK
Stock_His,7703,2024-11-01,OK
Stock_His,8024,2024-11-01,OK
Stock_His,8027,2024-11-01,OK
Stock_His,8032,2024-11-01,OK
Stock_His,8034,2024-11-01,OK
Stock_His,8038,2024-11-01,OK
Stock_His,8040,2024-11-01,OK
Stock_His,8042,2024-11-01,OK
Stock_His,8043,2024-11-01,OK
Stock_His,8044,2024-11-01,OK
Stock_His,8047,2024-11-01,OK
Stock_His,8048,2024-11-01,OK
Stock_His,8049,2024-11-01,OK
Stock_His,8050,2024-11-01,OK
Stock_His,8054,2024-11-01,OK
Stock_His,8059,2024-11-01,OK
Stock_His,8064,2024-11-01,OK
Stock_His,8066,2024-11-01,OK
Stock_His,8067,2024-11-01,OK
Stock_His,8068,2024-11-01,OK
Stock_His,8069,2024-11-01,OK
Stock_His,8071,2024-11-01,OK
Stock_His,8074,2024-11-01,OK
Stock_His,8076,2024-11-01,OK
Stock_His,8077,2024-11-01,OK
Stock_His,8080,2024-11-01,OK
Stock_His,8083,2024-11-01,OK
Stock_His,8084,2024-11-01,OK
Stock_His,8085,2024-11-01,OK
Stock_His,8086,2024-11-01,OK
Stock_His,8087,2024-11-01,OK
Stock_His,8088,2024-11-01,OK
Stock_His,8089,2024-11-01,OK
Stock_His,8091,2024-11-01,OK
Stock_His,8092,2024-11-01,OK
Stock_His,8093,2024-11-01,OK
Stock_His,8096,2024-11-01,OK
Stock_His,8097,2024-11-01,OK
Stock_His,8099,2024-11-01,OK
Stock_His,8107,2024-11-01,OK
Stock_His,8109,2024-11-01,OK
Stock_His,8111,2024-11-01,OK
Stock_His,8121,2024-11-01,OK
Stock_His,8147,2024-11-01,OK
Stock_His,8155,2024-11-01,OK
Stock_His,8171,2024-11-01,OK
Stock_His,8176,2024-11-01,OK
Stock_His,8182,2024-11-01,OK
Stock_His,8183,2024-11-01,OK
Stock_His,8227,2024-11-01,OK
Stock_His,8234,2024-11-01,OK
Stock_His,8240,2024-11-01,OK
Stock_His,8255,2024-11-01,OK
Stock_His,8272,2024-11-01,OK
Stock_His,8277,2024-11-01,OK
Stock_His,8279,2024-11-01,OK
Stock_His,8284,2024-11-01,OK
Stock_His,8289,2024-11-01,OK
Stock_His,8291,2024-11-01,OK
Stock_His,8299,2024-11-01,OK
Stock_His,8342,2024-11-01,OK
Stock_His,8349,2024-11-01,OK
Stock_His,8354,2024-11-01,OK
Stock_His,8358,2024-11-01,OK
Stock_His,8383,2024-11-01,OK
Stock_His,8390,2024-11-01,OK
Stock_His,8401,2024-11-01,OK
Stock_His,8403,2024-11-01,OK
Stock_His,8409,2024-11-01,OK
Stock_His,8410,2024-11-01,OK
Stock_His,8415,2024-11-01,OK
Stock_His,8416,2024-11-01,OK
Stock_His,8420,2024-11-01,OK
Stock_His,8421,2024-11-01,OK
Stock_His,8423,2024-11-01,OK
Stock_His,8424,2024-11-01,OK
Stock_His,8426,2024-11-01,OK
Stock_His,8431,2024-11-01,OK
Stock_His,8432,2024-11-01,OK
Stock_His,8433,2024-11-01,OK
Stock_His,8435,2024-11-01,OK
Stock_His,8436,2024-11-01,OK
Stock_His,8437,2024-11-01,OK
Stock_His,8440,2024-11-01,OK
Stock_His,8444,2024-11-01,OK
Stock_His,8446,2024-11-01,OK
Stock_His,8450,2024-11-01,OK
Stock_His,8455,2024-11-01,OK
Stock_His,8472,2024-11-01,OK
Stock_His,8477,2024-11-01,OK
Stock_His,8489,2024-11-01,OK
Stock_His,8905,2024-11-01,OK
Stock_His,8906,2024-11-01,OK
Stock_His,8908,2024-11-01,OK
Stock_His,8916,2024-11-01,OK
Stock_His,8917,2024-11-01,OK
Stock_His,8921,2024-11-01,OK
Stock_His,8923,2024-11-01,OK
Stock_His,8924,2024-11-01,OK
Stock_His,8927,2024-11-01,OK
Stock_His,8928,2024-11-01,OK
Stock_His,8929,2024-11-01,OK
Stock_His,8930,2024-11-01,OK
Stock_His,8931,2024-11-01,OK
Stock_His,8932,2024-11-01,OK
Stock_His,8933,2024-11-01,OK
Stock_His,8935,2024-11-01,OK
Stock_His,8936,2024-11-01,OK
Stock_His,8937,2024-11-01,OK
Stock_His,8938,2024-11-01,OK
Stock_His,8941,2024-11-01,OK
Stock_His,8942,2024-11-01,OK
Stock_His,9949,2024-11-01,OK
Stock_His,9950,2024-11-01,OK
Stock_His,9951,2024-11-01,OK
Stock_His,9960,2024-11-01,OK
Stock_His,9962,2024-11-01,OK
